Name,MLBAMID
Clayton Kershaw,477132
Carlos Santana,467793
Cory Rasmus,474284
Tommy Pham,502054
Kenley Jansen,445276
Max Scherzer,453286
Liam Hendriks,521230
Justin Wilson,458677
Charlie Morton,450203
Giancarlo Stanton,519317
Anthony Gose,543238
Justin Turner,457759
Sandy Leon,506702
Freddie Freeman,518692
Jose Altuve,514888
Kyle Higashioka,543309
Ryan Brasier,518489
Wilmer Flores,527038
Leury Garcia,544725
Alex Cobb,502171
Carlos Carrasco,471911
Craig Kimbrel,518886
Martin Maldonado,455117
Martin Perez,527048
Luis Garcia,472610
Salvador Perez,521692
Evan Scribner,519267
Travis d’Arnaud,518595
Miguel Rojas,500743
Hunter Strickland,519326
Bryan Shaw,543766
David Robertson,502085
Donovan Solano,456781
Justin Verlander,434378
Wade Miley,489119
Kirby Yates,489446
Nathan Eovaldi,543135
Casey Kelly,543391
Paul Goldschmidt,502671
Starling Marte,516782
Patrick Corbin,571578
Dallas Keuchel,572971
Christian Vazquez,543877
Nolan Arenado,571448
Andrew McCutchen,457705
Trayce Thompson,572204
Christian Bethancourt,542194
Chris Owings,572008
Tyler Matzek,554431
Max Stassi,545358
Mike Trout,545361
Shelby Miller,571946
Billy Hamilton,571740
Tucker Barnhart,571466
Jose Iglesias,578428
Aroldis Chapman,547973
Randal Grichuk,545341
Zack Wheeler,554430
Erasmo Ramirez,541640
Michael Tonkin,543859
Marcell Ozuna,542303
Enrique Hernandez,571771
Scott Alexander,518397
Chris Sale,519242
Carlos Perez,542208
Rob Brantly,542963
Jurickson Profar,595777
Michael Mariot,592527
Rangel Ravelo,592660
Chasen Shreve,592741
Jacob deGrom,594798
Vince Velasquez,592826
Tyler Lyons,544928
Tommy Kahnle,592454
Jose Quintana,500779
Drew Pomeranz,519141
Gary Sanchez,596142
Dixon Machado,553988
Christian Yelich,592885
Robbie Ray,592662
Michael A. Taylor,572191
Manny Machado,592518
Bryce Harper,547180
Jose Urena,570632
Yolmer Sanchez,570560
Willson Contreras,575929
Brandon Drury,592273
Heath Hembree,592390
Jameson Taillon,592791
Elias Diaz,553869
Nick Castellanos,592206
J.T. Realmuto,592663
Luke Jackson,592426
Taijuan Walker,592836
Joc Pederson,592626
Hanser Alberto,593643
Kyle Hendricks,543294
Scott McGough,543518
Yimi Garcia,554340
Max Kepler,596146
Ben Gamel,592325
Xander Bogaerts,593428
Jorge Alfaro,595751
Aaron Brooks,605156
Chris Bassitt,605135
Colin Rea,607067
Jacob Barnes,606930
Seth Lugo,607625
Marcus Semien,543760
Eugenio Suarez,553993
Trevor Story,596115
Blake Treinen,595014
Adrian Houser,605288
Nick Martinez,607259
Rafael Montero,606160
Chris Devenski,606965
Sonny Gray,543243
Mike Clevinger,605182
Andrew Kittredge,552640
George Springer,543807
Shawn Armstrong,542888
James McCann,543510
Anthony Rendon,543685
Andrew McKirahan,605374
Tyler Anderson,542881
Francisco Lindor,596019
Brandon Nimmo,607043
Joe Musgrove,605397
Austin Hedges,595978
Javier Baez,595879
Andrew Chafin,605177
Teoscar Hernandez,606192
Yu Darvish,506433
Gerrit Cole,543037
Derek Law,571882
Josh Bell,605137
Jorge Polanco,593871
Eduardo Rodriguez,593958
Orlando Arcia,606115
Michael Fulmer,605242
Jesse Hahn,534910
Danny Coulombe,543056
Max Muncy,571970
Ildemaro Vargas,545121
Omar Narvaez,553882
Adrian Sampson,592716
Luke Maile,571912
Tyler Naquin,571980
Steven Matz,571927
Christian Walker,572233
Pierce Johnson,572955
Taylor Rogers,573124
Lucas Sims,608371
Tom Murphy,608596
Jose Ramirez,608070
Matt Bowman,621199
Blake Snell,605483
Steven Okert,595345
Jesse Winker,608385
Robert Stephenson,596112
Carl Edwards Jr.,605218
Mookie Betts,605141
Ketel Marte,606466
Carson Kelly,608348
Jeimer Candelario,600869
Corey Seager,608369
Jacob Stallings,607732
Chris Taylor,621035
Travis Jankowski,608671
Rob Refsnyder,608701
Zach Eflin,621107
Matt Strahm,621381
Paul Sewald,623149
Tyler Heineman,623168
Brent Suter,608718
Michael Wacha,608379
Kevin Gausman,592332
Albert Almora Jr.,546991
Lance McCullers Jr.,621121
Byron Buxton,621439
Carlos Correa,621043
Jose Berrios,621244
Josh Hader,623352
Jorge Soler,624585
Ray Black,605143
Wandy Peralta,593974
Frankie Montas,593423
Matt Olson,621566
Raimel Tapia,606132
Ty Blach,621389
Tyler Glasnow,607192
Amir Garrett,607237
Harold Ramirez,623912
Joe Hudson,621529
Jose Leclerc,600917
Carlos Estevez,608032
Edwin Diaz,621242
Paul Blackburn,621112
Kyle Farmer,571657
Buck Farmer,571656
Michael Lorenzen,547179
Joe Mantiply,573009
Sam Moll,594580
Jon Gray,592351
Chad Kuhl,641771
German Marquez,608566
Trevor Gott,641627
Dom Nunez,624513
Rob Zastryzny,642239
Ben Heller,621294
Ryan McMahon,641857
Mitch Garver,641598
Adam Frazier,624428
Mike Tauchman,643565
Andrew Heaney,571760
Kris Bryant,592178
Matthew Boyd,571510
Jose De Leon,592254
Lucas Giolito,608337
Antonio Senzatela,622608
J.P. Crawford,641487
Aaron Judge,592450
Dominic Smith,642086
Billy McKinney,641856
Reese McGuire,624512
Rowdy Tellez,642133
Miguel Castro,612434
Luis Castillo,622491
Tyler Wade,642180
Joe Jimenez,641729
Wander Suero,593833
Sean Manaea,640455
Luis Severino,622663
Aledmys Diaz,649557
Austin Nola,543592
Ryne Stanek,592773
Cody Bellinger,641355
Carlos Rodon,607074
Aaron Nola,605400
J.D. Davis,605204
Trea Turner,607208
Michael Conforto,624424
Reynaldo Lopez,625643
Francisco Mejia,642336
Christian Arroyo,624414
Kyle Schwarber,656941
Matt Chapman,656305
Danny Jansen,643376
Ozzie Albies,645277
Austin Gomber,596295
Brock Stewart,592779
Colin Moran,592567
Luke Weaver,596133
Aramis Garcia,605244
Jonah Heim,641680
Sean Newcomb,656794
Grant Holmes,656550
Trevor Williams,592866
Tyler Beede,595881
Gleyber Torres,650402
Raisel Iglesias,628452
Chad Wallach,595453
Yoan Moncada,660162
Jorge Mateo,622761
Jeff Hoffman,656546
Alex Bregman,608324
Andrew Benintendi,643217
Nathan Lukes,664770
Carson Fulmer,608334
Dansby Swanson,621020
Kenta Maeda,628317
Yuli Gurriel,493329
Chris Martin,455119
Wilking Rodriguez,516853
Fernando Cruz,518585
Merrill Kelly,518876
Albert Suarez,544150
Michael Kelly,547184
Brooks Raley,548384
David Buchanan,571527
Miles Mikolas,571945
Hoby Milner,571948
Jon Singleton,572138
Burch Smith,572143
Brian Moran,572383
Caleb Thielbar,573204
Mike Yastrzemski,573262
Yusei Kikuchi,579328
Jason Adam,592094
Cam Booser,592155
Dylan Covey,592229
Niko Goodrum,592348
Zack Weiss,592848
Ben Lively,594902
Nick Burdi,595897
John Curtiss,595928
Jakob Junis,596001
Austin Slater,596103
Garrett Stubbs,596117
Thyago Vieira,600986
Nick Pivetta,601713
Yonathan Daza,602074
Ramon Urias,602104
Justin Anderson,605121
Scott Barlow,605130
John Brebbia,605154
Colten Brewer,605155
Victor Caratini,605170
Clay Holmes,605280
Jack Lopez,605346
Vimael Machin,605353
Nick Martini,605361
Yacksel Rios,605441
Jordan Romano,605447
Tayler Scott,605463
Jeffrey Springs,605488
Zach Thompson,605507
Spencer Turnbull,605513
Brandon Woodruff,605540
Harold Castro,605612
Giovanny Gallegos,606149
Yefry Ramirez,606162
Joel Payamps,606303
Eric Haase,606992
Kyle Hart,606996
Jordan Weems,607179
Erick Fedde,607200
Joey Krehbiel,607216
Beau Taylor,607333
Anthony Banda,607455
Aaron Bummer,607481
Kyle Freeland,607536
John Means,607644
Andrew Vasquez,607755
Max Fried,608331
Chris Okey,608360
Tomoyuki Sugano,608372
Dietrich Enns,608650
Joey Meneses,608841
Miguel Andujar,609280
Angelo Castellano,613546
Franchy Cordero,614173
Jose Ruiz,614179
Cal Quantrill,615698
Jacob Robson,615699
Luis Torrens,620443
Jose Castillo,620454
Richie Martin,621006
Alex De Goti,621008
Jose Cuas,621016
Kevin Newman,621028
Steven Wilson,621051
Tyler Ferguson,621053
Justin Garza,621057
Jacob Waguespack,621097
Walker Buehler,621111
Ryan Burr,621114
Brooks Kriske,621139
Jose Alvarado,621237
A.J. Minter,621345
Colin Poche,621363
Tanner Banks,621383
Brady Feigl,621399
Tyrone Taylor,621438
Edwin Rios,621458
Taylor Ward,621493
Tomas Nido,621512
Zach Remillard,621545
Alex Young,622065
Yency Almonte,622075
Tejay Antone,622088
Drew Smith,622098
Josh Sborz,622250
Josh Staumont,622251
Dillon Tate,622253
Patrick Weigel,622256
Donovan Walton,622268
Luis F. Castillo,622379
Nabil Crismatt,622503
Seranthony Dominguez,622554
Pablo Reyes,622569
Miguel Diaz,622766
Angel Perdomo,622780
Jesus Tinoco,622786
Andrew Velazquez,623205
Huascar Brazoban,623211
Thomas Pannone,623381
Nick Anderson,623433
Justin Topa,623437
Evan Phillips,623465
Jimmy Herget,623474
Josh Lester,623507
David Bote,623520
Anthony Santander,623993
Ranger Suarez,624133
Pete Alonso,624413
Cavan Biggio,624415
Jose Trevino,624431
Nick Gordon,624503
Keegan Thompson,624522
Riley Unroe,624523
Edmundo Sosa,624641
Victor Gonzalez,624647
Erick Mejia,625510
Andy Ibanez,628451
Jake Cronenworth,630105
Wil Crowe,640444
Kyle Finnegan,640448
Hunter Harvey,640451
Matt Krook,640454
Óscar Mercado,640458
Brian Navarreto,640459
A.J. Puk,640462
Adbert Alzolay,640470
Jose Azocar,640492
Jhonny Pereda,640902
Pablo Lopez,641154
Tyler Alexander,641302
Shaun Anderson,641312
Bryan Baker,641329
Jake Bauers,641343
Phil Bickford,641360
Ben Bowden,641386
Connor Brogdon,641401
Alan Busenitz,641427
Nestor Cortes,641482
Jason Delay,641511
Dane Dunning,641540
J.C. Escarra,641555
Bernardo Flores Jr.,641576
Matt Foster,641582
Jake Fraley,641584
J.P. France,641585
Luis Guillorme,641645
Ian Hamilton,641656
Thomas Hatch,641672
Dakota Hudson,641712
Rob Kaminsky,641739
Brad Keller,641745
Tyler Kinley,641755
Eric Lauer,641778
Charles Leblanc,641779
Zack Littell,641793
Tim Locastro,641796
Tyler Mahle,641816
Tim Mayza,641835
Patrick Murphy,641907
Bailey Ober,641927
Tyler O’Neill,641933
Emilio Pagan,641941
Joshua Palacios,641943
Daniel Robert,642016
Chuckie Robinson,642020
Tayler Saucedo,642048
Gabe Speier,642100
Cole Sulser,642121
Matt Thaiss,642136
Lou Trivino,642152
Jamie Westbrook,642197
Eli White,642201
Devin Williams,642207
Weston Wilson,642215
Allan Winans,642216
Ryan Yarbrough,642232
Jose Siri,642350
Gregory Soto,642397
Jonathan Loaisiga,642528
Jonathan Hernandez,642546
Freddy Peralta,642547
Gerson Moreno,642575
Felix Bautista,642585
Dennis Santana,642701
Amed Rosario,642708
Willy Adames,642715
Sergio Alcantara,642727
Thairo Estrada,642731
Austin Wynns,642851
Mauricio Dubon,643289
Justin Dunn,643290
Kevin Herget,643361
Griffin Jax,643377
Isiah Kiner-Falefa,643396
Mark Leiter Jr.,643410
Jeff McNeil,643446
Austin Pruitt,643493
Tyler Rogers,643511
Chadwick Tromp,644433
Sandy Alcantara,645261
Victor Robles,645302
Ali Sanchez,645305
Jose Herrera,645444
Mike Ford,645801
Rafael Devers,646240
Jhonathan Diaz,646242
Josh Naylor,647304
Zach Pop,647315
Michael Soroka,647336
Abraham Toro,647351
Luis Urias,649966
Luis Arraez,650333
Eloy Jimenez,650391
Willi Castro,650489
Yandy Diaz,650490
Bryan Abreu,650556
Bryan De La Cruz,650559
Meibrys Viloria,650619
Michael King,650633
Aaron Civale,650644
Jose Quijada,650671
Luis Rengifo,650859
Genesis Cabrera,650893
Diego Castillo,650895
Rene Pinto,650907
Cristopher Sanchez,650911
Daniel Duarte,650960
Yohel Pozo,650968
Andruw Monasterio,655316
Manuel Rodriguez,655889
Carlos Perez,656024
Albert Abreu,656061
Riley Adams,656180
Jalen Beeks,656222
Brandon Bielak,656232
Jake Bird,656234
Scott Blewett,656240
Sean Bouchard,656248
J.B. Bukauskas,656266
Brock Burke,656271
Griffin Canning,656288
Dylan Cease,656302
Michael Chavis,656308
Austin Davis,656354
Isan Diaz,656371
Tommy Doyle,656382
Drew Ellis,656403
Alex Faedo,656412
Stuart Fairchild,656413
Jack Flaherty,656427
Tyler Gilbert,656457
Lucas Gilbreath,656458
Kevin Ginkel,656464
Tristan Gray,656484
Sam Hentges,656529
Derek Hill,656537
Sam Hilliard,656541
Rhys Hoskins,656555
Tanner Houck,656557
Alex Jackson,656577
Connor Joe,656582
Mitch Keller,656605
Mark Kolozsvary,656627
Michael Kopech,656629
Alex Lange,656638
Jacob Latz,656641
Brock Lundquist,656668
Jordan Luplow,656669
Josh Maciejewski,656671
Corbin Martin,656686
Zach McKinstry,656716
Trevor Megill,656730
Tylor Megill,656731
Bryce Montes De Oca,656755
Jordan Montgomery,656756
Cedric Mullins,656775
Parker Mushinski,656786
Ryan O’Hearn,656811
Luis F. Ortiz,656814
Connor Overton,656818
Nicholas Padilla,656820
Michael Petersen,656848
David Peterson,656849
Drew Rasmussen,656876
Jakson Reetz,656883
Sean Reid-Foley,656887
Emmanuel Rivera,656896
Jared Robinson,656904
Ryder Ryan,656924
Tanner Scott,656945
Pavin Smith,656976
Peter Solomon,656981
Bennett Sousa,656986
Justin Steele,657006
Trey Supak,657022
Lane Thomas,657041
Ryan Thompson,657044
Touki Toussaint,657053
Alex Verdugo,657077
Forrest Wall,657088
Jacob Webb,657097
Evan White,657108
Connor Wong,657136
Kyle Wright,657140
Eddy Alvarez,657193
Julian Merryweather,657240
Brian O’Keefe,657247
Glenn Otto,657248
Peter Strzelecki,657265
Logan Webb,657277
Clarke Schmidt,657376
Matt Gage,657424
Brennan Bernardino,657514
Paul DeJong,657557
Caleb Ferguson,657571
Reed Garrett,657585
Tim Hill,657612
Jared Koenig,657649
Ramon Laureano,657656
Antonio Nunez,657701
Michael Papierski,657709
Joe Ryan,657746
Connor Seabold,657756
Gavin Sheets,657757
Eric Stout,657770
Adonis Medina,658431
Junior Fernandez,658551
Pedro Avila,658648
Shohei Ohtani,660271
Enoli Paredes,660600
Ronaldo Hernandez,660613
Huascar Ynoa,660623
Yonny Hernandez,660634
Diego Castillo,660636
Vidal Brujan,660644
Ronald Acuna Jr.,660670
Keibert Ruiz,660688
Elvin Rodriguez,660730
Jose Suarez,660761
Juan Yepez,660766
Yerry De los Santos,660787
Brusdar Graterol,660813
Jesus Sanchez,660821
Eduard Bazardo,660825
Hoy Park,660829
Leo Rivas,660844
Enyel De Los Santos,660853
Jorge Alcala,660896
Francisco Perez,660906
Adrian Martinez,661309
Oliver Ortega,661383
William Contreras,661388
Jhoan Duran,661395
Emmanuel Clase,661403
Brian Serven,661531
Luis Gil,661563
Daulton Varsho,662139
Andres Munoz,662253
Robert Suarez,663158
Nick Hernandez,663321
Jahmai Jones,663330
Matt Waldron,663362
Blake Perkins,663368
Ryan Feltner,663372
Thomas Szapucki,663378
Trent Thornton,663423
Tanner Rainey,663432
Davis Martin,663436
Konnor Pilkington,663455
Lars Nootbaar,663457
Kris Bubic,663460
Isaiah Campbell,663462
Kolby Allard,663465
Cole Sands,663485
Ben Leeper,663510
Tristin English,663536
Nico Hoerner,663538
Bryan Hudson,663542
Sean Hjelle,663546
Casey Mize,663554
Shane McClanahan,663556
Jovani Moran,663558
Bailey Falter,663559
Noah Davis,663562
Stephen Kolek,663568
Tony Santillan,663574
Hayden Senger,663584
Austin Riley,663586
Brandon Lockridge,663604
Luken Baker,663609
Nick Madrigal,663611
Trevor Larnach,663616
Jake Irvin,663623
Ryan Mountcastle,663624
Ethan Small,663629
Ke’Bryan Hayes,663647
Kyle Tucker,663656
Thaddeus Ward,663658
Daz Cameron,663662
Nic Enright,663671
Hogan Harris,663687
Jonathan India,663697
Joey Bart,663698
James McArthur,663704
Matthew Kroon,663714
Cal Raleigh,663728
Connor Kaiser,663731
Daniel Lynch IV,663738
Nick Fortes,663743
Reiss Knehr,663753
Trent Grisham,663757
Jake Woodford,663765
Chase Shugart,663767
Bryan Hoeing,663773
Patrick Sandoval,663776
Coco Montes,663796
Jackson Kowar,663804
Matt Vierling,663837
Alfonso Rivas III,663845
Romy Gonzalez,663853
Jordan Hicks,663855
Nate Pearson,663878
Tyler Stephenson,663886
Brendon Little,663893
Luke Williams,663897
Brendan Rodgers,663898
Brady Singer,663903
Travis Blankenhorn,663905
Tristan Beck,663941
Tyler Holton,663947
Tyler Ivey,663959
Cesar Salazar,663967
Jake Mangum,663968
Tyler Phillips,663969
Blair Calvo,663971
Chris Paddack,663978
Trevor Stephan,663986
Nick Vespi,663989
Richard Lovelady,663992
Nathaniel Lowe,663993
Ian Happ,664023
Ty France,664034
Brandon Lowe,664040
Travis Lakins Sr.,664042
Cody Stashak,664054
Harrison Bader,664056
Andrew Stevenson,664057
David Fletcher,664058
Sam Haggerty,664059
Tony Gonsolin,664062
Scott Kingery,664068
Garrett Cleavinger,664076
Tyler Jay,664079
Sean Poppen,664092
Scott Effross,664123
Pete Fairbanks,664126
Geoff Hartlieb,664129
Ian Gibaut,664139
JT Brubaker,664141
Joey Lucchesi,664192
Taylor Clarke,664199
Phil Maton,664208
Dylan Moore,664238
Framber Valdez,664285
Dauri Moreta,664294
Cristian Javier,664299
Luis Contreras,664351
Jose Urquidy,664353
Alejo Lopez,664670
Myles Straw,664702
Kyle Isbel,664728
P.J. Higgins,664731
Jose Espada,664744
Alexis Diaz,664747
Alec Bohm,664761
Jake Cousins,664776
Danny Young,664849
Jay Flaa,664852
Ryan Helsley,664854
Seby Zavala,664874
Justin Lawrence,664875
Nick Dini,664926
Anthony Misiewicz,664948
Brett Sullivan,664954
Jake McCarthy,664983
Trevor Kelley,665001
Kody Clemens,665019
Hobie Harris,665048
Griffin Conine,665052
Dean Kremer,665152
Nick Maton,665155
Jeremy Pena,665161
Gilberto Celestino,665482
Fernando Tatis Jr.,665487
Vladimir Guerrero Jr.,665489
Cristian Pache,665506
Rafael Marchan,665561
Deivi Garcia,665620
Luis Medina,665622
Elvis Peguero,665625
Kervin Castro,665645
Elvis Alvarado,665660
Reiver Sanmartin,665665
Antonio Santos,665733
Angel Felipe,665734
Juan Soto,665742
Leody Taveras,665750
Luis De Los Santos,665782
Edward Cabrera,665795
Miguel Amaya,665804
Oswaldo Cabrera,665828
Oneil Cruz,665833
Enmanuel Valdez,665839
Jair Camargo,665856
Sebastian Rivero,665861
Jazz Chisholm Jr.,665862
Javier Assad,665871
Jose Fermin,665877
Seuly Matias,665890
Jose Marte,665896
Esteury Ruiz,665923
Andres Gimenez,665926
Andres Chaparro,665953
Carlos Narvaez,665966
Lolo Sanchez,665975
Leonel Valera,665987
Jonathan Aranda,666018
Freddy Fermin,666023
Ian Anderson,666120
Tyler Baum,666121
Carlos Cortes,666126
Braxton Garrett,666129
Nolan Jones,666134
Josh Lowe,666139
Cole Ragans,666142
Tyler Fitzgerald,666149
Dominic Fletcher,666150
David Hamilton,666152
Karl Kauffmann,666154
Nick Lodolo,666157
Gavin Lux,666158
Matt Manning,666159
Mickey Moniak,666160
Ben Rortvedt,666163
Blake Rutherford,666164
Blake Sabol,666165
Mason Thompson,666168
Ryan Zeferjahn,666171
Jo Adell,666176
Seth Beer,666179
Will Benson,666181
Bo Bichette,666182
Hunter Bishop,666183
Dylan Carlson,666185
Carter Kieboom,666198
Jesus Luzardo,666200
Alek Manoah,666201
Riley Pint,666207
Alex Speas,666208
Taylor Trammell,666211
Joey Wentz,666214
Forrest Whitley,666215
George Soriano,666277
Bo Naylor,666310
Jordan Balazovic,666364
Matt Brash,666374
Edouard Julien,666397
Jerar Encarnacion,666464
Gregory Santos,666619
Christopher Morel,666624
Yonathan Perlaza,666632
Juan Morillo,666661
Eguy Rosario,666703
Max Castillo,666721
Jhony Brito,666745
Rodolfo Castro,666801
Camilo Doval,666808
Bobby Dalbec,666915
Jared Oliva,666931
Adolis Garcia,666969
Lourdes Gurriel Jr.,666971
Yennier Cano,666974
Tommy Nance,667297
Bryan Mata,667356
Zach Jackson,667427
Marshall Kasowski,667445
Corey Julks,667452
John King,667463
Dane Myers,667472
Evan Kravetz,667478
Robert Dugger,667498
Brent Rooker,667670
Kyle Tyler,667725
Jose Soriano,667755
Randy Arozarena,668227
Tyson Miller,668338
Cole Winn,668390
Hagen Danner,668470
Nick Pratto,668472
Tres Barrera,668663
Stephen Nogosek,668665
Jake Rogers,668670
Lucas Erceg,668674
Zach Plesac,668676
Zac Gallen,668678
JJ Bleday,668709
Spencer Steer,668715
Noah Murdock,668716
Payton Henry,668721
Ryan Vilade,668723
Akil Baddoo,668731
Calvin Mitchell,668751
Duke Ellis,668752
Colin Peluse,668761
Dylan File,668766
Andrew Knizner,668800
Bryan Reynolds,668804
Max Kranick,668820
Kyle McCann,668832
Easton McGee,668834
Conner Capel,668843
Aaron Schunk,668845
Austin Shenton,668853
Zack Thompson,668868
Caleb Kilian,668873
Blair Henley,668874
Hunter Greene,668881
Austin Martin,668885
Mark Vientos,668901
Royce Lewis,668904
Gavin Williams,668909
Brice Turang,668930
Graham Ashcraft,668933
Adley Rutschman,668939
JoJo Romero,668941
Josh Rojas,668942
Ryan Kreidler,668952
Tobias Myers,668964
Gavin Hollowell,668970
Casey Legumina,668984
Connor Scott,669002
Garrett Mitchell,669003
MJ Melendez,669004
Brandon Marsh,669016
Ryan Rolison,669020
MacKenzie Gore,669022
Bryse Wilson,669060
Erik Miller,669062
Kyle Stowers,669065
DL Hall,669084
Sam Huff,669087
Matt Cronin,669091
Jeremiah Estrada,669093
John McMillon,669111
Shea Langeliers,669127
Luis Campusano,669134
Armando Alvarez,669137
Bruce Zimmermann,669145
Dustin May,669160
Kyle Hurt,669165
Jonathan Heasley,669169
Ryne Nelson,669194
Lake Bachar,669199
Mason McCoy,669200
Corbin Burnes,669203
Ryan Bliss,669208
Keegan Akin,669211
Eli Morgan,669212
Je’Von Ward,669219
Sean Murphy,669221
Nick Senzel,669222
Austin Wells,669224
Justyn-Henry Malloy,669234
Jeremiah Jackson,669236
Tommy Edman,669242
Nick Solak,669256
Will Smith,669257
Jack Suwinski,669261
Joel Kuhnel,669270
Dylan Lee,669276
Daniel Johnson,669288
Santiago Espinal,669289
Logan Gilbert,669302
Jose Miranda,669304
Sean Reynolds,669308
Joe Perez,669309
Bryce Teodosio,669326
Tyler Wells,669330
Nolan Gorman,669357
Shane Baz,669358
Xavier Edwards,669364
Bryce Johnson,669369
Asa Lacy,669370
Cole Henry,669371
J.T. Ginn,669372
Tarik Skubal,669373
Keston Hiura,669374
Raynel Delgado,669384
Carmen Mlodzinski,669387
Owen White,669391
Samad Taylor,669392
Jake Burger,669394
Dylan Coleman,669395
Nick Allen,669397
Gage Workman,669398
Frainyer Chavez,669413
Trevor Rogers,669432
Mason Englert,669438
Chandler Champlain,669441
Cooper Hummel,669450
Shane Bieber,669456
Kyle Nelson,669459
Matthew Liberatore,669461
Andre Pallante,669467
Devin Mann,669471
Casey Schmitt,669477
Joe Barlow,669618
Brady Basso,669620
Anthony Bender,669622
Sam Long,669674
Chris Murphy,669684
Braden Shewmake,669699
Josh H. Smith,669701
Jared Triolo,669707
Greg Weissert,669711
Hayden Wesneski,669713
Will Wilson,669717
Austin Hays,669720
Davis Daniel,669721
Logan Davidson,669722
Brenan Hanifee,669724
Chris Rodriguez,669735
Darick Hall,669742
Alex Call,669743
Ronel Blanco,669854
Michael Toglia,669911
Jason Alexander,669920
George Kirby,669923
Chavez Young,669945
Jesse Scholtens,669947
Nicky Lopez,670032
Matt Festa,670036
Luke Raley,670042
Colin Holderman,670059
Wyatt Mills,670090
Trenton Brooks,670092
Zack Short,670097
Bowden Francis,670102
Nate Mondou,670148
Miles Mastrobuoni,670156
Parker Dunshee,670161
John Schreiber,670167
Josh Winckowski,670174
Garrett Acton,670183
Matt Mervis,670223
Kameron Misner,670224
John Rave,670231
Darius Vines,670241
Matt Wallner,670242
David Bednar,670280
Rico Garcia,670329
Jose Rojas,670351
Yordan Alvarez,670541
Aaron Fossas,670579
Isaac Paredes,670623
Taylor Walls,670764
Darren McCaughan,670766
TJ Friedl,670770
Logan Gillaspie,670810
Livan Soto,670869
Yunior Severino,670870
Guillo Zuniga,670871
Johan Oviedo,670912
Trevor Richards,670950
Edwin Uceta,670955
Adrian Morejon,670970
Yohan Ramirez,670990
Ivan Herrera,671056
Buddy Kennedy,671083
Andrew Abbott,671096
Logan Allen,671106
Jake Eder,671109
Sammy Peralta,671111
Darren Baker,671117
Jackson Rutledge,671131
Connor Thomas,671162
Joe Boyle,671212
Triston Casas,671213
Heliot Ramos,671218
Drew Waters,671221
Jeisson Rosario,671271
Luis Garcia,671277
Tim Elko,671284
Johnathan Rodriguez,671286
Phil Clarke,671287
Tyler Freeman,671289
Michel Otanez,671305
Jason Foley,671345
George Valera,671655
Marquis Grissom Jr.,671726
Lawrence Butler,671732
Taj Bradley,671737
Michael Harris II,671739
Damiano Palmegiani,671913
Cade Smith,671922
Adam Macko,671936
Tyler Black,672012
Denzel Clarke,672016
Eric Pardinho,672078
Patrick Bailey,672275
Michael Siani,672279
Reid Detmers,672282
Jarred Kelenic,672284
Cionel Perez,672335
Gabriel Arias,672356
Tirso Ornelas,672359
Agustin Ruiz,672361
Alejandro Kirk,672386
Kaleb Ort,672391
Keider Montero,672456
Jordan Diaz,672478
Helcris Olivarez,672487
Gabriel Moreno,672515
Jhon Torres,672536
Gustavo Campero,672569
Carlos Hernandez,672578
Maikel Garcia,672580
Angel Zerpa,672582
Gerardo Carrillo,672629
Otto Lopez,672640
Steward Berroa,672642
Geraldo Perdomo,672695
Roansy Contreras,672710
Oswald Peraza,672724
Juan Then,672730
Alexander Canario,672744
Wenceel Perez,672761
Tucupita Marcano,672779
Yoendrys Gomez,672782
Jairo Solis,672810
Lenyn Sosa,672820
Israel Pineda,672832
Francisco Morales,672839
Carlos Vargas,672841
Joan Adon,672851
Prelander Berroa,672860
Yainer Diaz,673237
Luis Robert Jr.,673357
Dedniel Nunez,673380
Ha-Seong Kim,673490
Yuki Matsui,673513
Kodai Senga,673540
Seiya Suzuki,673548
Jordan Leasure,673929
Josh Jung,673962
Davis Wendzel,673995
Cody Bradford,674003
Tommy Henry,674072
Eduardo Salazar,674285
Osvaldo Bido,674370
Jacob Hurtubise,674441
Steven Cruz,674444
Michael Plassmeyer,674681
Andrew Alvarez,674841
Sean Guenther,674944
Troy Melton,675512
Xzavion Curry,675540
Michael Grove,675627
Austin Beck,675648
Michael Mercado,675650
Greg Jones,675659
Spencer Strider,675911
David Banuelos,675915
James Karinchak,675916
Alika Williams,675961
Canaan Smith-Njigba,675986
Cody Bolton,675989
Bob Seymour,676044
Griff McGarry,676046
Packy Naughton,676050
Codi Heuer,676051
Jordan Westburg,676059
Jacob Amaya,676070
Janson Junk,676083
Collin Snider,676092
Jeff Criswell,676105
Emerson Hancock,676106
Zach DeLoach,676113
Ryan Noda,676116
Jose Butto,676130
Freddy Tarnok,676206
Seth Elledge,676220
Ryan Walker,676254
Jack Dreyer,676263
Cory Abbott,676265
Bobby Miller,676272
Joey Cantillo,676282
Jonny DeLuca,676356
Nelson Velazquez,676369
Ernie Clement,676391
Robert Garcia,676395
Brant Hurter,676428
Hunter Feduccia,676439
Tanner Bibee,676440
Jack Winkler,676466
Colton Gordon,676467
Alec Burleson,676475
Garrett Whitlock,676477
Jose Barrero,676480
Ben Casparius,676508
Nolan Hoffman,676510
Calvin Faucher,676534
Brewer Hicklen,676551
Ricky Vanasco,676568
Eric Wagaman,676572
Josh Fleming,676596
Tyler Zuber,676604
Jose Caballero,676609
Riley O’Brien,676617
Tyreque Reed,676627
Bligh Madris,676632
Max Lazar,676661
JP Sears,676664
Luis Vazquez,676679
Tom Cosgrove,676680
Will Vest,676684
Jake Meyers,676694
Alan Trejo,676701
Hunter Stratton,676702
Kutter Crawford,676710
Brandon Hughes,676714
Tommy Romero,676720
Jared Young,676724
Isaac Mattson,676755
Korry Howell,676759
Ron Marinaccio,676760
Irving Lopez,676761
Keaton Winn,676775
Chas McCormick,676801
Carson McCusker,676812
Kodi Whitley,676831
Aaron Ashby,676879
Chandler Seagle,676882
Davis Schneider,676914
Cade Cavalli,676917
Matthew Batten,676946
Caleb Boushley,676961
Ben Brown,676962
Brett de Geus,676969
Max Meyer,676974
Garrett Crochet,676979
Heston Kjerstad,677008
Josh Walker,677020
Andrew Nardi,677053
Clayton Andrews,677076
Zack Kelly,677161
Kyren Paris,677347
Wander Franco,677551
Kristian Robinson,677565
Aaron Bracho,677570
Brayan Rocchio,677587
Jose Tena,677588
Everson Pereira,677592
Julio Rodriguez,677594
Ronny Mauricio,677595
Eddy Diaz,677647
Ezequiel Duran,677649
Luis Garcia,677651
Wilyer Abreu,677800
Justin Bruihl,677865
Leo Jimenez,677870
Jordyn Adams,677941
Blaze Alexander,677942
Will Banfield,677943
Slade Cecconi,677944
Alek Thomas,677950
Bobby Witt Jr.,677951
Braxton Ashcraft,677952
Jordan Groshans,677954
Jaden Hill,677955
Rece Hinds,677956
Kumar Rocker,677958
Ryan Weathers,677960
Cole Wilcox,677961
Randy Dobnak,677976
Parker Meadows,678009
Nick Schnell,678010
Anthony Seigler,678011
Seth Halvorsen,678020
Jack Perkins,678022
Mike Vasil,678024
Ray Kerr,678061
Luarbert Arias,678215
Ji Hwan Bae,678225
Daysbel Hernandez,678226
Miguel Vargas,678246
Omar Cruz,678316
Valente Bellozo,678368
Jorbit Vivas,678391
Brayan Bello,678394
Jorge Barrosa,678489
Randy Rodriguez,678495
Osleivis Basabe,678545
Curtis Mead,678554
Jose A. Ferrer,678606
Ezequiel Tovar,678662
Ronny Henriquez,678692
Eddys Leonard,678760
Luis Peralta,678821
Jhonkensy Noel,678877
Ceddanne Rafaela,678882
Liover Peguero,678894
Kai-Wei Teng,678906
Johan Rojas,679032
Walter Pennington,679156
Eric Orze,679358
Alec Marsh,679525
Spencer Torkelson,679529
Jose Rodriguez,679563
Terrin Vavra,679631
Kyle Backhus,679775
Justin Foscue,679822
Nick Loftin,679845
J.P. Martinez,679881
Justin Martinez,679885
Evan McKendry,679928
Dairon Blanco,680118
Jackson Wolf,680232
Max Schuemann,680474
Travis Swaggerty,680552
Grayson Rodriguez,680570
Adam Kloffenstein,680572
Simeon Woods Richardson,680573
Matt McLain,680574
DaShawn Keirsey Jr.,680577
Julio Rodriguez,680588
Gunnar Hoglund,680684
Josiah Gray,680686
Lyon Richardson,680689
Kyle Bradish,680694
Brennen Davis,680695
Richie Palacios,680700
Joey Gerber,680702
Nick Sandlin,680704
Cole Roederer,680711
Jonathan Ornelas,680716
Addison Barger,680718
Drew Rom,680723
Adrian Del Castillo,680728
Garrett McDaniels,680729
Mitchell Parker,680730
Sean Burke,680732
Austin Cox,680735
Justin Wrobleski,680736
Michael Helman,680737
Josh Winder,680739
Jonathan Bowlan,680742
Ty Madden,680744
Steven Kwan,680757
Victor Vodnik,680767
CJ Alexander,680769
Jarren Duran,680776
Ryan Jeffers,680777
Henry Davis,680779
Ryan Fitzgerald,680837
Willie MacIver,680862
Zack Gelof,680869
Grant Holman,680880
Spencer Schwellenbach,680885
Jack Neely,680891
Nick Nastrini,680897
Owen Miller,680911
Franco Aleman,680916
Doug Nikhazy,680951
Brendan Donovan,680977
Kelvin Caceres,680983
Christian Scott,681035
Ky Bush,681066
Bryson Stott,681082
Jonah Bride,681146
Jayden Murray,681151
Luis Curvelo,681168
Randy Vasquez,681190
Chase Silseth,681217
Spencer Arrighetti,681293
Colton Cowser,681297
Shane Smith,681343
Mike Burrows,681347
Logan O’Hoppe,681351
Connor Norby,681393
Josh Green,681401
Gus Varland,681402
Luke Little,681432
Brooks Baldwin,681460
Kerry Carpenter,681481
Mickey Gasper,681508
Kyle Leahy,681517
Antoine Kelly,681520
Bryan Lavastida,681526
James Outman,681546
David Villar,681584
Andy Pages,681624
Ryan Fernandez,681676
Heriberto Hernandez,681715
Ethan Roberts,681799
Andrew Wantz,681806
David Fry,681807
Chris Vallimont,681808
Austin Warren,681810
Reese Olson,681857
Cooper Criswell,681867
Shawn Dubin,681869
Erik Sabrowski,681870
Colin Selby,681882
Evan Lee,681885
Kody Funderburk,681892
Alex Vesia,681911
Vinny Capra,681962
Grant Anderson,681982
Nate Eaton,681987
Garrett Hill,682051
Jacob Lopez,682052
David Hensley,682073
Levi Jordan,682119
Tim Herrin,682120
Evan Reifert,682126
Joe Jacques,682175
Daniel Schneemann,682177
Drew Avans,682183
Kody Hoese,682210
Brandon Williamson,682227
Bryce Miller,682243
Mason Montgomery,682254
Wes Clarke,682265
Logan Porter,682515
Roddery Munoz,682610
Diego Cartaya,682616
Marco Luciano,682617
Misael Urbina,682618
Orelvis Martinez,682619
Richard Gallardo,682620
Noelvi Marte,682622
Francisco Alvarez,682626
Alvin Guzman,682630
Kevin Alcantara,682634
Osiel Rodriguez,682640
Luis Matos,682641
Alexander Ramirez,682643
Malcom Nunez,682650
Warming Bernabel,682653
Angel Martinez,682657
Agustin Ramirez,682663
Luisangel Acuna,682668
Jonatan Clase,682729
Eiberson Castellano,682769
Wikelman Gonzalez,682790
Luis Mey,682825
Elly De La Cruz,682829
Abner Uribe,682842
Luis L. Ortiz,682847
Endy Rodriguez,682848
Bryan Ramos,682868
Juan Brito,682877
Ronny Simon,682927
CJ Abrams,682928
Devin Sweet,682967
Daniel Espino,682982
Riley Greene,682985
Spencer Jones,682987
Tyler Locklear,682988
Victor Mederos,682989
Quinn Priester,682990
Tyler Callihan,682997
Corbin Carroll,682998
Gunnar Henderson,683002
Jared Jones,683003
Jack Leiter,683004
Anthony Volpe,683011
Michael Stefanic,683021
Alexander Vargas,683061
Zach Penrod,683068
Nasim Nunez,683083
Matthew Lugo,683090
Brett Baty,683146
Joey Estes,683155
Connor Phillips,683175
Nick Mears,683232
Owen Caissie,683357
Angel Chivilli,683409
Oscar Hernandez,683427
Jairo Iriarte,683568
Edgardo Henriquez,683618
Anthony Molina,683627
Royber Salinas,683690
Andrew Vaughn,683734
Michael Busch,683737
Victor Mesa Jr.,683748
Matt Canterino,683764
Christian Koss,683766
Hunter Gaddis,683769
Will Robertson,683770
Travis Bazzana,683953
Shota Imanaga,684007
Yariel Rodriguez,684320
Craig Yoho,684974
Anthony Veneziano,685107
Austin Kitchen,685116
Brandon Eisert,685126
Wade Meckler,685133
Tanner Gordon,685299
Matt Gorski,685301
Andrew Saalfrank,685314
Misael Tamarez,685377
Kenedy Corona,685744
Hunter Bigge,685801
Sal Frelick,686217
Emmet Sheehan,686218
Drew Millas,686452
Vinnie Pasquantino,686469
Tyler Tolbert,686475
Logan Driscoll,686482
Cam Eden,686490
Dominic Canzone,686527
Andre Lipcius,686531
Oliver Dunn,686554
Isaac Collins,686555
Jonathan Cannon,686563
Justin Slaten,686580
Ken Waldichuk,686610
Dylan Crews,686611
Hunter Brown,686613
Fraser Ellard,686642
Levi Stoudt,686651
Ty Adcock,686654
Brenton Doyle,686668
Korey Lee,686676
Michael Massey,686681
Ryan Bergert,686701
Carson Spiers,686730
Joe La Sorsa,686747
Seth Johnson,686751
Ryan Pepiot,686752
Drey Jameson,686753
Nick Sogard,686765
Pedro Pages,686780
Blake Walston,686796
Brooks Lee,686797
Jack Kochanowicz,686799
Will Brennan,686823
Bryce Jarvis,686826
Colby White,686831
Brendan White,686839
Reggie Crawford,686846
Joey Wiemer,686894
Mason Barnett,686930
Drake Baldwin,686948
Cole Waites,686972
Louis Varland,686973
Justin Sterner,686993
Brandon Young,687064
Eric Yang,687066
Brandon Sproat,687075
Vaughn Grissom,687093
Bradley Blalock,687134
Evan Justice,687145
Zach Maxwell,687209
Dalton Rushing,687221
Darell Hernaiz,687231
Zach Neto,687263
K.C. Hunt,687268
Quinn Mathews,687273
Gabriel Rincones Jr.,687282
Kevin Kelly,687330
Connor Gillispie,687362
Victor Scott II,687363
Orlando Ribalta,687377
Chad Bell,687382
Brent Headrick,687396
Joey Ortiz,687401
Anthony Maldonado,687424
Hudson Head,687431
Spencer Horwitz,687462
Ryan Gusto,687473
Colby Thomas,687515
Grant McCray,687529
Drew Gilbert,687551
Dom Hamel,687589
Jordan Beck,687597
Paxton Schultz,687606
Dylan Beavers,687637
Kaden Polcovich,687659
Jackson Cluff,687714
Mitch Spence,687765
DJ Herz,687792
Nick Robertson,687798
Cade Marlowe,687799
Sawyer Gipson-Long,687830
Marc Church,687847
Troy Johnston,687859
Porter Hodge,687863
Brandon Walter,687888
Bryan King,687911
Easton Lucas,687922
Julian Aguiar,687924
Carson Whisenhunt,687931
Christian Encarnacion-Strand,687952
Dustin Harris,687957
Robert Gasser,688107
Logan Evans,688138
Chris Roycroft,688297
Graham Pauley,688363
Kolton Ingram,688427
Gavin Cross,688457
Zach Agnos,688642
Blaine Crim,688760
Landon Knack,689017
Orion Kerkering,689147
Chad Dallas,689149
Brett Wisely,689172
Jacob Melton,689200
Beau Brieske,689225
Mason Fluharty,689254
Dylan Dodd,689266
Matt Koperniak,689288
Liam Hicks,689414
Drew Thorpe,689672
Alek Jacob,689690
Andrew Walters,689958
River Ryan,689981
Ryan Ritter,690022
Jace Jung,690291
Ben Joyce,690829
Richard Fitts,690916
Braxton Fulford,690924
Clayton Beeter,690925
Hunter Dobbins,690928
Mick Abel,690953
Enrique Bradfield Jr.,690961
Alex Freeland,690976
Dax Fulton,690978
Kyle Harrison,690986
Robert Hassell III,690987
Austin Hendrick,690988
Cade Horton,690990
Colt Keith,690993
Nolan McLean,690997
Tre’ Morgan,691003
Drew Romo,691011
Tyler Soderstrom,691016
Kyle Teel,691019
A.J. Vukovich,691021
Jordan Walker,691023
Masyn Winn,691026
Randy Wynne,691094
Yosver Zulueta,691172
Jasson Dominguez,691176
Emmanuel Rodriguez,691181
Adael Amador,691182
Maximo Acosta,691185
Deyvison De Los Santos,691277
Moises Chace,691330
Jhostynxon Garcia,691373
Junior Caminero,691406
Cristian Mena,691441
Eury Perez,691587
Javier Sanoja,691594
Jeferson Quero,691620
Pete Crow-Armstrong,691718
Kyle Karros,691720
Jared Kelley,691721
Coby Mayo,691723
Andrew Painter,691725
Zac Veen,691728
Max Muncy,691777
Brady House,691781
Jordan Lawlar,691783
Marcelo Mayer,691785
Grant Taylor,691799
Sem Robberse,691828
Jared Serna,691858
Tsung-Che Cheng,691907
Jesus Castillo,691913
George Klassen,691946
Jake Vogel,691949
Sam Aldegheri,691951
C.J. Kayfus,692216
Kristian Campbell,692225
Carlos Rodriguez,692230
Luis Guerrero,692285
Yoniel Curet,692414
Winston Santos,692437
Yanquiel Fernandez,692585
Oscar Colas,693049
Nick Gonzales,693304
Dillon Dingler,693307
Nick Frasso,693308
Burl Carraway,693310
Tink Hence,693311
Kyle Nicolas,693312
Carson Seymour,693313
Bryan Woo,693433
Taylor Dollard,693440
Cam Schlittler,693645
Emiliano Teodo,693713
Bryce Elder,693821
Ian Seymour,693855
Daniel Palencia,694037
Pedro Leon,694175
Jackson Chourio,694192
Moises Ballesteros,694208
Samuel Basallo,694212
Brandon Pfaadt,694297
Matt Svanson,694335
Zach Brzykcy,694350
Tyler Gentry,694355
Ricky Tiedemann,694357
Tekoah Roby,694358
Niko Kavadas,694359
Will Klein,694361
Blake Dunn,694362
Jared Shuster,694363
Tim Tawa,694374
Shay Whitcomb,694376
Nick Yorke,694377
Nolan Schanuel,694384
Brock Wilken,694385
Joey Loperfido,694388
Justice Bigbie,694425
Hurston Waldrep,694462
Chad Patrick,694477
Evan Carter,694497
Sterlin Thompson,694514
Chase Hampton,694633
Chayce McDermott,694646
Wyatt Langford,694671
Brice Matthews,694728
Landen Roupp,694738
Gavin Stone,694813
Jacob Misiorowski,694819
Ryan Murphy,694885
Paul Skenes,694973
Rhett Lowder,695076
Will Wagner,695238
Mason Miller,695243
Billy Cook,695257
Thomas Saggese,695336
Brett Harris,695391
Brad Lord,695418
Chase Burns,695505
Jac Caglianone,695506
Tyler Collins,695514
Chase Petty,695534
Jackson Jobe,695549
James Wood,695578
Colson Montgomery,695657
Harry Ford,695670
Christian Moore,695681
Daylen Lile,695734
Josh Stephan,695776
Wilmer Flores,695865
Alejandro Osuna,696030
Hunter Goodman,696100
Mason Black,696131
Jordan Wicks,696136
Hagen Smith,696146
Sam Bachman,696147
Bubba Chandler,696149
Ryan Johnson,696270
Jacob Young,696285
Joe Rock,697812
Miguel Ullola,699044
Hector Rodriguez,699302
Ivan Melendez,699471
Jimmy Crooks,699625
Troy Taylor,700187
Michael McGreevy,700241
Trey Sweeney,700242
Carson Williams,700246
Cade Povich,700249
Ben Rice,700250
Yilber Diaz,700270
Edgar Quero,700337
AJ Smith-Shawver,700363
Gordon Graceffo,700669
Kyle Manzardo,700932
Logan VanWey,701121
Zach Dezenzo,701305
Jackson Ferris,701328
Roman Anthony,701350
Cam Smith,701358
Sal Stewart,701398
Pierson Ohl,701487
Jackson Merrill,701538
Will Warren,701542
David Festa,701581
Grant Hartwig,701643
James Triantos,701649
Logan Henderson,701656
Nathan Church,701675
Hao-Yu Lee,701678
Nick Kurtz,701762
Justin Armbruester,701859
Will Dion,702021
Noah Cameron,702070
Alan Roden,702176
Andrew Morris,702193
Justin Crawford,702222
Druw Jones,702258
Noah Schultz,702273
Robby Snelling,702281
Cole Young,702284
RJ Schreck,702302
Caleb Durbin,702332
Haydn McGeary,702333
Spencer Bivens,702352
Trey Lipscomb,702358
Jimmy Joyce,702460
Jett Williams,702518
Jackson Holliday,702616
Caden Dana,702674
Ryan Loutos,702795
Lazaro Montes,703155
Jarlin Susana,703186
Parker Messick,800048
Adam Mazur,800049
Chase DeLauter,800050
Didier Fuentes,800311
Payton Tolle,801139
Chase Dollander,801403
J.J. Wetherholt,802139
Drue Hackenberg,802357
Chandler Simpson,802415
Thomas Harrington,802419
Reid VanScoter,804577
Jonah Tong,804636
AJ Blubaugh,805123
Otto Kemp,805249
Jakob Marsee,805300
Chase Meidroth,805367
Nacho Alvarez Jr.,805373
Zebby Matthews,805673
Jacob Wilson,805779
Walker Jenkins,805805
Bryce Eldridge,805811
Zach Cole,805904
Hayden Birdsong,806185
Cooper Pratt,806198
Ethan Salas,806956
Luis Morales,806960
Sebastian Walcott,806964
Luke Keaschall,807712
Matt Shaw,807713
Masataka Yoshida,807799
Roki Sasaki,808963
Yoshinobu Yamamoto,808967
Woo-Suk Go,808970
Hyeseong Kim,808975
Jung Hoo Lee,808982
Charlie Condon,809707
Ben Williamson,810938
Connelly Early,813349
Jake Bloss,814005
Leodalis De Vries,815888
Jesus Made,815908
Payton Eeles,823356
Shinnosuke Ogasawara,829272
Koyo Aoyagi,829460
